Firstname,Lastname,Email,Username,Password,Role
Craig,Taylor,cdtaylor@email.com,cdtayl19,test123,admin
Bruce,Wayne,bwayne@email.com,Batman,testtest,student
Tony,Stark,tstark@email.com,Ironman,iron,student
Charles,Xavier,xxtest@email.com,Prof.X,xxtest,student
Clark,Kent,super@email.com,Superman,supertest,student
